student_id,first_name,last_name,email,phone,gender,date_of_birth,country,is_active,,is_active
1,Aarushi,Verma,aarushi.verma1@gmail.com,7991462963,Female,2003-11-12,India,1,,TRUE
2,Neha,Agarwal,neha.agarwal2@gmail.com,7872353362,Male,2001-01-09,India,1,,TRUE
3,Pooja,Verma,pooja.verma3@gmail.com,7076516769,Female,1999-09-30,India,0,,FALSE
4,Riya,Agarwal,riya.agarwal4@gmail.com,7268624475,Female,2005-04-14,India,1,,TRUE
5,Pallavi,Pandey,pallavi.pandey5@gmail.com,9232869925,Female,1995-03-25,India,1,,TRUE
6,Kabir,Rao,kabir.rao6@gmail.com,9964366797,Male,2000-04-17,India,1,,TRUE
7,Vikram,Ghosh,vikram.ghosh7@gmail.com,9243152462,Male,2005-12-23,India,1,,TRUE
8,Kunal,Chatterjee,kunal.chatterjee8@gmail.com,7148222769,Male,2002-03-23,India,1,,TRUE
9,Riya,Gupta,riya.gupta9@gmail.com,8774949437,Female,2003-08-10,India,1,,TRUE
10,Yash,Shetty,yash.shetty10@gmail.com,8536137853,Male,2001-03-30,India,1,,TRUE
11,Aditi,Ranganathan,aditi.ranganathan11@gmail.com,9949277989,Female,2003-10-06,India,1,,TRUE
12,Pooja,Jain,pooja.jain12@gmail.com,9931338847,Female,2002-12-25,India,1,,TRUE
13,Ritesh,Vaidya,ritesh.vaidya13@gmail.com,7878127274,Female,1999-05-08,India,1,,TRUE
14,Pooja,Sharma,pooja.sharma14@gmail.com,8048342149,Female,1996-01-08,India,1,,TRUE
15,Nishant,Ranganathan,nishant.ranganathan15@gmail.com,9786096428,Female,2002-08-15,India,1,,TRUE
16,Avantika,Agarwal,avantika.agarwal16@gmail.com,8127570500,Female,1998-10-27,India,1,,TRUE
17,Sakshi,Kumar,sakshi.kumar17@gmail.com,8251652827,Male,1999-07-31,India,0,,FALSE
18,Nikita,Shukla,nikita.shukla18@gmail.com,8122398075,Female,1997-09-19,India,1,,TRUE
19,Amit,Desai,amit.desai19@gmail.com,8879649480,Female,2002-09-16,India,1,,TRUE
20,Vikram,Khanna,vikram.khanna20@gmail.com,9988596108,Female,2001-08-08,India,1,,TRUE
21,Manish,Tiwari,manish.tiwari21@gmail.com,9765804044,Male,1998-02-19,India,0,,FALSE
22,Siddharth,Bajaj,siddharth.bajaj22@gmail.com,9423115271,Male,1998-10-10,India,1,,TRUE
23,Shreya,Bose,shreya.bose23@gmail.com,7827256134,Male,2002-09-03,India,1,,TRUE
24,Amit,Shukla,amit.shukla24@gmail.com,8790564498,Female,2003-05-21,India,1,,TRUE
25,Aarushi,Choudhary,aarushi.choudhary25@gmail.com,9264428784,Male,1995-11-02,India,1,,TRUE
26,Shaurya,Shah,shaurya.shah26@gmail.com,7457248272,Male,1995-05-16,India,1,,TRUE
27,Rohan,Chakraborty,rohan.chakraborty27@gmail.com,7292591952,Female,2000-09-10,India,1,,TRUE
28,Tarun,Chakraborty,tarun.chakraborty28@gmail.com,7725941259,Female,2003-03-19,India,1,,TRUE
29,Aditya,Mukherjee,aditya.mukherjee29@gmail.com,7738028248,Male,1995-09-25,India,1,,TRUE
30,Devansh,Naik,devansh.naik30@gmail.com,8524882429,Female,2004-11-11,India,0,,FALSE
31,Shaurya,Verma,shaurya.verma31@gmail.com,7991186884,Male,1997-12-01,India,0,,FALSE
32,Rahul,Shinde,rahul.shinde32@gmail.com,8111829696,Male,1996-05-18,India,1,,TRUE
33,Ayesha,Shetty,ayesha.shetty33@gmail.com,7990117704,Male,1998-09-18,India,1,,TRUE
34,Pallavi,Shinde,pallavi.shinde34@gmail.com,9434016910,Female,2002-05-14,India,1,,TRUE
35,Avantika,Pandey,avantika.pandey35@gmail.com,8663086896,Female,2002-01-15,India,1,,TRUE
36,Divya,Shinde,divya.shinde36@gmail.com,8946395763,Male,1996-12-01,India,1,,TRUE
37,Kunal,Khanna,kunal.khanna37@gmail.com,8816462243,Male,1995-02-18,India,1,,TRUE
38,Kabir,Chopra,kabir.chopra38@gmail.com,8360159252,Female,1999-04-01,India,1,,TRUE
39,Meera,Chakraborty,meera.chakraborty39@gmail.com,8304016472,Male,1995-07-09,India,1,,TRUE
40,Shreya,Bhatia,shreya.bhatia40@gmail.com,9757401957,Female,1998-05-04,India,1,,TRUE
41,Pooja,Sharma,pooja.sharma41@gmail.com,7195318751,Female,2003-02-01,India,1,,TRUE
42,Meera,Mukherjee,meera.mukherjee42@gmail.com,7174899375,Female,2002-09-09,India,1,,TRUE
43,Nishant,Gupta,nishant.gupta43@gmail.com,8230203794,Male,2005-02-15,India,1,,TRUE
44,Kabir,Rao,kabir.rao44@gmail.com,9770235380,Female,1997-05-31,India,0,,FALSE
45,Shaurya,Kaul,shaurya.kaul45@gmail.com,7363260121,Male,2002-01-17,India,0,,FALSE
46,Pallavi,Dutta,pallavi.dutta46@gmail.com,9237766707,Female,1997-11-07,India,1,,TRUE
47,Kavya,Shah,kavya.shah47@gmail.com,8180278746,Female,2001-05-24,India,1,,TRUE
48,Tanya,Ranganathan,tanya.ranganathan48@gmail.com,9249604418,Male,2002-01-27,India,1,,TRUE
49,Aarushi,Bhagat,aarushi.bhagat49@gmail.com,8813997951,Female,1996-06-01,India,1,,TRUE
50,Meera,Rao,meera.rao50@gmail.com,7064140170,Male,2003-03-04,India,1,,TRUE
51,Nandini,Menon,nandini.menon51@gmail.com,7371135690,Male,1997-03-01,India,0,,FALSE
52,Arjun,Patel,arjun.patel52@gmail.com,7040054987,Female,1998-07-17,India,1,,TRUE
53,Kabir,Bose,kabir.bose53@gmail.com,9590456796,Male,1998-02-21,India,1,,TRUE
54,Aditi,Mukherjee,aditi.mukherjee54@gmail.com,7663380793,Male,2001-02-01,India,0,,FALSE
55,Kshitij,Bose,kshitij.bose55@gmail.com,9833758507,Male,2000-04-23,India,0,,FALSE
56,Aarushi,Sharma,aarushi.sharma56@gmail.com,9302054647,Male,2005-08-24,India,1,,TRUE
57,Avantika,Pillai,avantika.pillai57@gmail.com,9191215097,Female,1998-01-24,India,0,,FALSE
58,Harsh,Joshi,harsh.joshi58@gmail.com,9390302276,Male,1998-09-20,India,0,,FALSE
59,Ayesha,Sharma,ayesha.sharma59@gmail.com,9284551062,Female,2002-10-23,India,1,,TRUE
60,Pooja,Verma,pooja.verma60@gmail.com,9849649784,Female,1997-07-17,India,0,,FALSE
61,Tanvi,Choudhary,tanvi.choudhary61@gmail.com,9276164409,Male,2004-04-01,India,1,,TRUE
62,Pooja,Mishra,pooja.mishra62@gmail.com,8905611665,Female,2001-02-18,India,1,,TRUE
63,Tanvi,Verma,tanvi.verma63@gmail.com,7602983264,Female,2001-11-25,India,1,,TRUE
64,Harsh,Verma,harsh.verma64@gmail.com,7084649058,Male,1997-01-03,India,1,,TRUE
65,Arnav,Choudhary,arnav.choudhary65@gmail.com,7765762350,Male,1995-05-23,India,1,,TRUE
66,Siddharth,Dutta,siddharth.dutta66@gmail.com,7379796312,Female,1996-05-21,India,0,,FALSE
67,Divya,Shetty,divya.shetty67@gmail.com,7535689580,Male,1997-08-16,India,1,,TRUE
68,Pooja,Kaul,pooja.kaul68@gmail.com,7362011789,Male,2002-05-05,India,0,,FALSE
69,Rohan,Jain,rohan.jain69@gmail.com,8476468957,Male,2003-11-26,India,0,,FALSE
70,Arjun,Chakraborty,arjun.chakraborty70@gmail.com,8681372312,Female,2001-06-01,India,1,,TRUE
71,Rohan,Reddy,rohan.reddy71@gmail.com,8234331052,Female,1998-06-01,India,1,,TRUE
72,Riya,Bhatia,riya.bhatia72@gmail.com,7370671576,Female,2005-11-30,India,1,,TRUE
73,Vivek,Ghosh,vivek.ghosh73@gmail.com,7404774147,Male,1996-01-15,India,1,,TRUE
74,Kabir,Bose,kabir.bose74@gmail.com,8396810759,Male,2001-11-15,India,1,,TRUE
75,Varun,Agarwal,varun.agarwal75@gmail.com,8194694620,Female,2004-01-04,India,1,,TRUE
76,Nikita,Kaul,nikita.kaul76@gmail.com,9949429713,Female,1996-01-28,India,1,,TRUE
77,Aarushi,Rangan,aarushi.rangan77@gmail.com,7687858185,Female,1999-01-15,India,1,,TRUE
78,Sanya,Tripathi,sanya.tripathi78@gmail.com,7208432748,Male,1995-12-03,India,1,,TRUE
79,Tarun,Khanna,tarun.khanna79@gmail.com,9865788859,Male,1997-02-26,India,1,,TRUE
80,Ayesha,Gupta,ayesha.gupta80@gmail.com,8840319909,Male,1996-06-18,India,1,,TRUE
81,Varun,Tiwari,varun.tiwari81@gmail.com,8469428184,Male,2005-07-12,India,1,,TRUE
82,Pooja,Reddy,pooja.reddy82@gmail.com,8606669041,Male,2003-11-05,India,1,,TRUE
83,Pallavi,Naik,pallavi.naik83@gmail.com,8645363652,Female,2005-02-15,India,0,,FALSE
84,Kabir,Rangan,kabir.rangan84@gmail.com,9668984891,Female,1999-02-26,India,0,,FALSE
85,Ritesh,Mehra,ritesh.mehra85@gmail.com,9111502972,Male,1998-10-09,India,0,,FALSE
86,Esha,Chopra,esha.chopra86@gmail.com,9206825061,Female,1997-11-24,India,1,,TRUE
87,Pooja,Iyer,pooja.iyer87@gmail.com,7638840150,Male,2004-02-07,India,1,,TRUE
88,Rahul,Rangan,rahul.rangan88@gmail.com,8157334710,Female,2002-02-26,India,0,,FALSE
89,Meera,Shah,meera.shah89@gmail.com,8365712566,Female,2000-04-03,India,1,,TRUE
90,Yash,Reddy,yash.reddy90@gmail.com,8357529870,Male,1999-05-03,India,1,,TRUE
91,Esha,Kapoor,esha.kapoor91@gmail.com,7410273771,Female,2005-02-01,India,1,,TRUE
92,Arnav,Bhatia,arnav.bhatia92@gmail.com,8214913491,Female,1995-09-05,India,1,,TRUE
93,Kunal,Pandey,kunal.pandey93@gmail.com,8698745013,Male,1997-10-18,India,1,,TRUE
94,Kunal,Patel,kunal.patel94@gmail.com,8712058717,Female,1997-10-08,India,1,,TRUE
95,Shaurya,Sood,shaurya.sood95@gmail.com,7973960703,Male,2004-07-27,India,0,,FALSE
96,Tanya,Sood,tanya.sood96@gmail.com,8394739604,Male,2003-11-21,India,0,,FALSE
97,Riya,Sharma,riya.sharma97@gmail.com,8706178489,Female,1999-08-13,India,1,,TRUE
98,Tanya,Mehra,tanya.mehra98@gmail.com,9246080404,Female,2005-10-09,India,1,,TRUE
99,Arjun,Sharma,arjun.sharma99@gmail.com,7374190352,Female,2001-02-06,India,1,,TRUE
100,Divya,Rao,divya.rao100@gmail.com,8127313080,Male,1999-02-13,India,1,,TRUE
101,Ayesha,Bose,ayesha.bose101@gmail.com,7362244957,Male,2004-12-27,India,1,,TRUE
102,Priya,Menon,priya.menon102@gmail.com,7667378502,Female,2001-09-20,India,1,,TRUE
103,Harsh,Naik,harsh.naik103@gmail.com,8903315032,Female,2000-08-20,India,1,,TRUE
104,Nikita,Rangan,nikita.rangan104@gmail.com,9168282176,Female,1995-01-31,India,1,,TRUE
105,Rahul,Choudhary,rahul.choudhary105@gmail.com,7429932103,Male,1998-09-12,India,0,,FALSE
106,Vivek,Tripathi,vivek.tripathi106@gmail.com,9610392152,Female,2005-07-30,India,1,,TRUE
107,Varun,Verma,varun.verma107@gmail.com,7140982440,Male,1996-10-14,India,1,,TRUE
108,Sneha,Rangan,sneha.rangan108@gmail.com,9562375174,Male,2000-06-13,India,0,,FALSE
109,Anjali,Desai,anjali.desai109@gmail.com,7056832950,Female,2005-09-04,India,1,,TRUE
110,Simran,Bose,simran.bose110@gmail.com,9991205572,Male,2000-11-18,India,1,,TRUE
111,Manish,Verma,manish.verma111@gmail.com,9295287769,Male,1995-04-30,India,0,,FALSE
112,Riya,Shah,riya.shah112@gmail.com,8371961479,Female,1995-11-24,India,1,,TRUE
113,Nandini,Mehra,nandini.mehra113@gmail.com,7132457134,Male,1995-10-07,India,1,,TRUE
114,Pranav,Iyer,pranav.iyer114@gmail.com,7949873355,Male,1996-01-15,India,1,,TRUE
115,Shreya,Verma,shreya.verma115@gmail.com,9837232241,Male,2000-11-06,India,1,,TRUE
116,Avantika,Naik,avantika.naik116@gmail.com,8958460045,Female,2004-02-14,India,1,,TRUE
117,Rohan,Rangan,rohan.rangan117@gmail.com,8415038281,Male,1998-01-20,India,1,,TRUE
118,Simran,Bose,simran.bose118@gmail.com,8704416060,Female,2001-07-01,India,1,,TRUE
119,Tanvi,Tripathi,tanvi.tripathi119@gmail.com,8961480724,Female,2001-02-09,India,1,,TRUE
120,Aarushi,Vaidya,aarushi.vaidya120@gmail.com,9267276860,Male,2004-04-19,India,1,,TRUE
121,Ayesha,Jain,ayesha.jain121@gmail.com,8040695425,Female,1996-05-06,India,1,,TRUE
122,Simran,Sharma,simran.sharma122@gmail.com,8956500027,Female,2003-05-30,India,1,,TRUE
123,Kshitij,Joshi,kshitij.joshi123@gmail.com,8092677749,Male,1999-01-02,India,1,,TRUE
124,Vivek,Ghosh,vivek.ghosh124@gmail.com,9077814777,Male,2002-04-26,India,0,,FALSE
125,Rahul,Shinde,rahul.shinde125@gmail.com,7980341047,Female,2002-07-15,India,0,,FALSE
126,Ayesha,Shah,ayesha.shah126@gmail.com,7669112088,Male,2002-01-30,India,0,,FALSE
127,Nikita,Ranganathan,nikita.ranganathan127@gmail.com,9791886741,Male,1995-09-27,India,0,,FALSE
128,Isha,Kapoor,isha.kapoor128@gmail.com,7466887470,Female,2003-02-25,India,1,,TRUE
129,Kshitij,Bose,kshitij.bose129@gmail.com,8386658427,Female,2001-02-15,India,1,,TRUE
130,Isha,Malhotra,isha.malhotra130@gmail.com,9433404279,Female,1995-05-21,India,1,,TRUE
131,Aditya,Sharma,aditya.sharma131@gmail.com,7276620569,Female,2001-12-26,India,1,,TRUE
132,Priya,Gupta,priya.gupta132@gmail.com,8646073524,Male,2001-04-06,India,0,,FALSE
133,Vivek,Iyer,vivek.iyer133@gmail.com,7422497508,Male,1997-10-02,India,1,,TRUE
134,Yash,Chopra,yash.chopra134@gmail.com,8677223309,Female,2000-10-28,India,1,,TRUE
135,Avantika,Gupta,avantika.gupta135@gmail.com,7298352693,Male,1999-05-11,India,1,,TRUE
136,Aditi,Jain,aditi.jain136@gmail.com,8465320545,Male,1999-12-02,India,1,,TRUE
137,Sneha,Chatterjee,sneha.chatterjee137@gmail.com,7933589558,Male,2004-03-18,India,1,,TRUE
138,Nikita,Vaidya,nikita.vaidya138@gmail.com,8353084775,Male,1999-08-02,India,1,,TRUE
139,Shreya,Shukla,shreya.shukla139@gmail.com,9188502352,Female,1996-02-27,India,1,,TRUE
140,Aditi,Mishra,aditi.mishra140@gmail.com,9820209595,Female,2001-06-12,India,0,,FALSE
141,Pranav,Rangan,pranav.rangan141@gmail.com,9488564511,Male,2000-08-12,India,1,,TRUE
142,Pooja,Rao,pooja.rao142@gmail.com,8723482518,Female,2000-05-21,India,1,,TRUE
143,Arnav,Mishra,arnav.mishra143@gmail.com,7103922706,Female,2002-11-02,India,1,,TRUE
144,Tarun,Shinde,tarun.shinde144@gmail.com,7476859280,Male,1996-04-09,India,1,,TRUE
145,Tanvi,Pandey,tanvi.pandey145@gmail.com,7729587938,Male,1995-10-02,India,1,,TRUE
146,Pooja,Chatterjee,pooja.chatterjee146@gmail.com,9276689307,Female,1996-06-18,India,1,,TRUE
147,Varun,Bose,varun.bose147@gmail.com,7863740904,Female,1997-11-08,India,1,,TRUE
148,Tarun,Rao,tarun.rao148@gmail.com,9274768501,Female,2001-05-10,India,1,,TRUE
149,Harsh,Kapoor,harsh.kapoor149@gmail.com,8368742472,Male,2000-04-22,India,1,,TRUE
150,Ritesh,Rao,ritesh.rao150@gmail.com,7746123428,Female,2005-01-20,India,0,,FALSE
151,Rohan,Bajaj,rohan.bajaj151@gmail.com,7874220654,Male,2003-09-04,India,0,,FALSE
152,Neha,Iyer,neha.iyer152@gmail.com,9844516793,Female,1996-04-28,India,1,,TRUE
153,Ayesha,Shukla,ayesha.shukla153@gmail.com,9170736640,Female,2000-12-07,India,1,,TRUE
154,Neha,Mehra,neha.mehra154@gmail.com,8463962736,Male,1997-06-04,India,1,,TRUE
155,Priya,Menon,priya.menon155@gmail.com,7600344613,Female,2005-12-25,India,1,,TRUE
156,Avantika,Chatterjee,avantika.chatterjee156@gmail.com,9206781489,Female,2005-09-12,India,1,,TRUE
157,Ayesha,Joshi,ayesha.joshi157@gmail.com,8967624494,Male,2004-04-29,India,0,,FALSE
158,Rahul,Bajaj,rahul.bajaj158@gmail.com,9267387014,Female,2005-10-16,India,0,,FALSE
159,Pallavi,Sharma,pallavi.sharma159@gmail.com,7303949330,Female,1998-09-25,India,1,,TRUE
160,Ananya,Khanna,ananya.khanna160@gmail.com,7599736187,Male,1997-03-13,India,0,,FALSE
161,Manish,Saxena,manish.saxena161@gmail.com,8144459972,Male,2001-06-21,India,1,,TRUE
162,Riya,Ghosh,riya.ghosh162@gmail.com,7420543883,Female,2003-09-11,India,1,,TRUE
163,Nikita,Vaidya,nikita.vaidya163@gmail.com,9820225588,Female,2003-06-23,India,0,,FALSE
164,Aditi,Iyer,aditi.iyer164@gmail.com,9612134440,Female,2003-03-29,India,1,,TRUE
165,Pooja,Ranganathan,pooja.ranganathan165@gmail.com,8309145777,Male,2005-02-08,India,1,,TRUE
166,Nikita,Gupta,nikita.gupta166@gmail.com,7696694329,Male,1999-09-21,India,1,,TRUE
167,Vivek,Sood,vivek.sood167@gmail.com,8590016962,Female,2004-04-29,India,0,,FALSE
168,Kabir,Vaidya,kabir.vaidya168@gmail.com,8038798385,Male,1997-09-24,India,1,,TRUE
169,Pooja,Chakraborty,pooja.chakraborty169@gmail.com,9901814431,Female,2004-09-19,India,1,,TRUE
170,Kabir,Rao,kabir.rao170@gmail.com,9635856411,Female,2002-09-01,India,1,,TRUE
171,Ishaan,Dutta,ishaan.dutta171@gmail.com,7842186439,Female,2002-06-14,India,0,,FALSE
172,Nishant,Khanna,nishant.khanna172@gmail.com,8376707270,Male,2002-12-01,India,0,,FALSE
173,Raghav,Chakraborty,raghav.chakraborty173@gmail.com,7444016503,Male,2001-08-09,India,1,,TRUE
174,Amit,Pillai,amit.pillai174@gmail.com,9258554651,Female,2000-03-16,India,1,,TRUE
175,Kabir,Desai,kabir.desai175@gmail.com,7853454500,Male,2005-01-12,India,1,,TRUE
176,Sanya,Gupta,sanya.gupta176@gmail.com,9630730568,Female,2001-08-31,India,1,,TRUE
177,Avantika,Shah,avantika.shah177@gmail.com,9885281280,Male,2002-02-07,India,1,,TRUE
178,Ritesh,Tiwari,ritesh.tiwari178@gmail.com,9363575301,Male,1997-08-21,India,1,,TRUE
179,Neha,Shinde,neha.shinde179@gmail.com,8403197525,Female,2004-08-17,India,1,,TRUE
180,Anjali,Jain,anjali.jain180@gmail.com,8702419603,Male,2002-10-24,India,1,,TRUE
181,Rohan,Kaul,rohan.kaul181@gmail.com,7208463089,Female,2001-10-02,India,1,,TRUE
182,Sanya,Naik,sanya.naik182@gmail.com,7902552117,Female,1998-08-30,India,1,,TRUE
183,Arjun,Desai,arjun.desai183@gmail.com,8269225177,Female,1997-09-15,India,1,,TRUE
184,Karan,Chopra,karan.chopra184@gmail.com,9906260351,Female,2005-05-01,India,1,,TRUE
185,Priya,Naik,priya.naik185@gmail.com,9316867625,Male,1998-08-31,India,1,,TRUE
186,Pallavi,Jain,pallavi.jain186@gmail.com,8441994302,Female,1995-03-04,India,0,,FALSE
187,Rahul,Chopra,rahul.chopra187@gmail.com,7581122486,Female,1995-02-01,India,1,,TRUE
188,Amit,Sharma,amit.sharma188@gmail.com,7289712392,Male,2005-05-27,India,1,,TRUE
189,Kabir,Bose,kabir.bose189@gmail.com,9904202704,Female,2003-06-25,India,1,,TRUE
190,Ishaan,Mehra,ishaan.mehra190@gmail.com,8309645380,Female,1995-08-18,India,1,,TRUE
191,Kabir,Agarwal,kabir.agarwal191@gmail.com,8369432849,Female,2000-03-21,India,1,,TRUE
192,Tarun,Bhagat,tarun.bhagat192@gmail.com,7797936915,Male,1999-01-21,India,1,,TRUE
193,Sanya,Reddy,sanya.reddy193@gmail.com,7550609377,Male,1995-01-29,India,1,,TRUE
194,Neha,Chakraborty,neha.chakraborty194@gmail.com,9084488049,Female,2001-06-10,India,1,,TRUE
195,Devansh,Bose,devansh.bose195@gmail.com,7198770901,Male,1996-05-12,India,1,,TRUE
196,Kshitij,Tiwari,kshitij.tiwari196@gmail.com,7391831773,Male,2004-09-11,India,0,,FALSE
197,Kshitij,Iyer,kshitij.iyer197@gmail.com,8426968134,Female,2005-10-07,India,0,,FALSE
198,Pranav,Naik,pranav.naik198@gmail.com,9092237276,Female,1996-09-15,India,1,,TRUE
199,Pranav,Bajaj,pranav.bajaj199@gmail.com,9997588214,Female,1996-05-25,India,0,,FALSE
200,Shreya,Dutta,shreya.dutta200@gmail.com,7775142121,Female,1995-01-03,India,1,,TRUE
201,Nandini,Pandey,nandini.pandey201@gmail.com,9849920670,Male,2005-01-17,India,1,,TRUE
202,Yash,Patel,yash.patel202@gmail.com,7550845777,Female,1996-12-24,India,1,,TRUE
203,Simran,Reddy,simran.reddy203@gmail.com,8623102446,Female,2000-01-08,India,1,,TRUE
204,Shreya,Pillai,shreya.pillai204@gmail.com,7189296681,Male,2002-06-26,India,1,,TRUE
205,Kavya,Verma,kavya.verma205@gmail.com,8284996145,Female,2005-06-18,India,1,,TRUE
206,Tarun,Joshi,tarun.joshi206@gmail.com,9385580740,Female,1997-09-17,India,1,,TRUE
207,Sneha,Shetty,sneha.shetty207@gmail.com,9750211381,Female,1997-12-21,India,1,,TRUE
208,Riya,Reddy,riya.reddy208@gmail.com,7996613179,Female,1998-12-20,India,0,,FALSE
209,Shaurya,Rangan,shaurya.rangan209@gmail.com,7136843943,Male,1996-08-21,India,0,,FALSE
210,Manish,Iyer,manish.iyer210@gmail.com,8529682380,Female,2000-05-11,India,1,,TRUE
211,Pallavi,Shinde,pallavi.shinde211@gmail.com,7506541989,Male,1997-10-18,India,0,,FALSE
212,Anjali,Ranganathan,anjali.ranganathan212@gmail.com,7171065472,Male,2002-08-12,India,1,,TRUE
213,Kabir,Shinde,kabir.shinde213@gmail.com,9585815707,Female,2004-08-02,India,1,,TRUE
214,Varun,Dutta,varun.dutta214@gmail.com,8075411869,Female,2004-07-06,India,1,,TRUE
215,Yash,Shah,yash.shah215@gmail.com,7972169087,Female,2000-10-02,India,1,,TRUE
216,Arjun,Ranganathan,arjun.ranganathan216@gmail.com,8672994042,Female,1999-11-08,India,1,,TRUE
217,Aditya,Agarwal,aditya.agarwal217@gmail.com,8449168904,Male,1995-11-15,India,1,,TRUE
218,Tanya,Singh,tanya.singh218@gmail.com,7232173726,Female,1995-11-12,India,1,,TRUE
219,Ritesh,Gupta,ritesh.gupta219@gmail.com,7165486236,Male,1995-09-30,India,0,,FALSE
220,Aarushi,Mukherjee,aarushi.mukherjee220@gmail.com,9891960364,Male,2003-07-19,India,1,,TRUE
221,Tanvi,Chakraborty,tanvi.chakraborty221@gmail.com,9155935495,Male,1995-10-21,India,1,,TRUE
222,Aditi,Shinde,aditi.shinde222@gmail.com,8476411053,Male,2000-10-29,India,1,,TRUE
223,Sakshi,Malhotra,sakshi.malhotra223@gmail.com,8710529468,Male,1996-06-03,India,0,,FALSE
224,Tanvi,Bose,tanvi.bose224@gmail.com,7596179032,Female,2005-05-22,India,1,,TRUE
225,Priya,Patel,priya.patel225@gmail.com,7289619422,Female,2004-09-23,India,1,,TRUE
226,Karan,Verma,karan.verma226@gmail.com,7683723515,Male,2000-08-29,India,1,,TRUE
227,Vikram,Choudhary,vikram.choudhary227@gmail.com,8519174814,Male,2004-12-11,India,1,,TRUE
228,Arjun,Malhotra,arjun.malhotra228@gmail.com,9906404482,Male,1998-06-13,India,1,,TRUE
229,Arjun,Saxena,arjun.saxena229@gmail.com,8536902795,Male,2002-06-01,India,1,,TRUE
230,Rahul,Shinde,rahul.shinde230@gmail.com,7903034844,Male,2001-07-22,India,1,,TRUE
231,Amit,Ghosh,amit.ghosh231@gmail.com,8385038272,Female,1998-12-16,India,1,,TRUE
232,Vikram,Dutta,vikram.dutta232@gmail.com,9221250089,Female,2000-10-04,India,1,,TRUE
233,Sneha,Dutta,sneha.dutta233@gmail.com,7103920499,Male,1995-07-18,India,1,,TRUE
234,Kavya,Kumar,kavya.kumar234@gmail.com,7152618806,Female,2000-12-24,India,0,,FALSE
235,Pranav,Ghosh,pranav.ghosh235@gmail.com,9510248281,Male,2002-12-19,India,0,,FALSE
236,Devansh,Tripathi,devansh.tripathi236@gmail.com,8795965433,Male,1995-08-25,India,1,,TRUE
237,Aditya,Bose,aditya.bose237@gmail.com,7367361560,Female,2002-02-21,India,1,,TRUE
238,Arnav,Singh,arnav.singh238@gmail.com,8033480979,Female,1995-07-21,India,1,,TRUE
239,Tanvi,Desai,tanvi.desai239@gmail.com,8604537906,Female,1998-11-23,India,0,,FALSE
240,Arjun,Jain,arjun.jain240@gmail.com,8844663485,Female,1996-02-13,India,1,,TRUE
241,Aditya,Sharma,aditya.sharma241@gmail.com,8898651722,Female,2001-08-14,India,0,,FALSE
242,Raghav,Jain,raghav.jain242@gmail.com,7335510972,Male,2004-11-23,India,1,,TRUE
243,Meera,Malhotra,meera.malhotra243@gmail.com,9485165771,Male,1999-06-06,India,1,,TRUE
244,Riya,Ghosh,riya.ghosh244@gmail.com,9091056244,Male,1997-04-03,India,1,,TRUE
245,Varun,Chatterjee,varun.chatterjee245@gmail.com,7002572890,Male,2002-07-11,India,1,,TRUE
246,Karan,Bhatt,karan.bhatt246@gmail.com,9778899511,Female,2002-07-12,India,1,,TRUE
247,Devansh,Tripathi,devansh.tripathi247@gmail.com,9450517856,Male,1995-12-31,India,1,,TRUE
248,Kunal,Bose,kunal.bose248@gmail.com,8292613111,Female,1998-01-18,India,1,,TRUE
249,Amit,Mishra,amit.mishra249@gmail.com,7614629994,Male,2003-03-22,India,1,,TRUE
250,Pranav,Patel,pranav.patel250@gmail.com,7032777357,Male,1998-02-07,India,1,,TRUE
251,Yash,Agarwal,yash.agarwal251@gmail.com,9138103193,Male,1999-11-13,India,0,,FALSE
252,Vikram,Shah,vikram.shah252@gmail.com,8876349100,Male,1996-06-27,India,1,,TRUE
253,Shaurya,Gupta,shaurya.gupta253@gmail.com,9680205877,Female,2004-08-10,India,1,,TRUE
254,Yash,Mehra,yash.mehra254@gmail.com,7409992852,Female,1996-09-01,India,1,,TRUE
255,Shreya,Malhotra,shreya.malhotra255@gmail.com,8152137581,Female,2000-09-05,India,1,,TRUE
256,Manish,Tiwari,manish.tiwari256@gmail.com,7398980927,Male,2001-02-24,India,0,,FALSE
257,Ayesha,Bajaj,ayesha.bajaj257@gmail.com,9438568850,Female,2002-02-23,India,1,,TRUE
258,Pallavi,Agarwal,pallavi.agarwal258@gmail.com,8154251769,Female,1997-01-02,India,1,,TRUE
259,Kunal,Bhatt,kunal.bhatt259@gmail.com,8567004721,Female,2003-11-26,India,1,,TRUE
260,Vikram,Joshi,vikram.joshi260@gmail.com,7298198278,Male,2004-06-17,India,1,,TRUE
261,Divya,Saxena,divya.saxena261@gmail.com,7941802468,Male,2001-05-20,India,1,,TRUE
262,Vikram,Menon,vikram.menon262@gmail.com,7197807537,Male,1999-12-21,India,1,,TRUE
263,Kunal,Mehra,kunal.mehra263@gmail.com,7214377999,Male,2003-10-31,India,1,,TRUE
264,Siddharth,Sood,siddharth.sood264@gmail.com,7563169868,Male,2000-04-24,India,1,,TRUE
265,Kabir,Mehra,kabir.mehra265@gmail.com,8849156749,Female,1999-09-25,India,1,,TRUE
266,Kabir,Ghosh,kabir.ghosh266@gmail.com,8263385382,Female,2001-02-16,India,1,,TRUE
267,Riya,Verma,riya.verma267@gmail.com,8592065755,Male,2002-10-30,India,1,,TRUE
268,Ayesha,Bhagat,ayesha.bhagat268@gmail.com,8075673373,Female,2002-03-21,India,1,,TRUE
269,Arnav,Mishra,arnav.mishra269@gmail.com,8135705526,Female,2003-05-23,India,1,,TRUE
270,Sakshi,Sood,sakshi.sood270@gmail.com,9517815654,Female,1995-09-08,India,0,,FALSE
271,Riya,Verma,riya.verma271@gmail.com,8032268427,Female,1999-07-25,India,1,,TRUE
272,Avantika,Mukherjee,avantika.mukherjee272@gmail.com,9394807242,Male,2000-10-24,India,1,,TRUE
273,Kabir,Mukherjee,kabir.mukherjee273@gmail.com,8629343685,Female,2004-09-13,India,1,,TRUE
274,Tarun,Vaidya,tarun.vaidya274@gmail.com,8836942411,Female,2002-04-30,India,1,,TRUE
275,Riya,Vaidya,riya.vaidya275@gmail.com,9585985836,Male,1998-06-07,India,1,,TRUE
276,Manish,Shah,manish.shah276@gmail.com,8604681328,Male,2003-05-25,India,1,,TRUE
277,Riya,Sood,riya.sood277@gmail.com,7771195078,Female,2003-05-27,India,1,,TRUE
278,Nandini,Bhagat,nandini.bhagat278@gmail.com,9987369307,Male,1997-07-23,India,1,,TRUE
279,Isha,Kumar,isha.kumar279@gmail.com,7070037349,Female,1996-11-05,India,0,,FALSE
280,Avantika,Gupta,avantika.gupta280@gmail.com,9247447559,Male,2000-01-20,India,0,,FALSE
281,Varun,Iyer,varun.iyer281@gmail.com,9509851921,Female,2005-10-09,India,1,,TRUE
282,Nikita,Bhatia,nikita.bhatia282@gmail.com,7827661572,Male,2004-01-22,India,1,,TRUE
283,Arjun,Shetty,arjun.shetty283@gmail.com,9885869445,Male,1995-06-14,India,1,,TRUE
284,Kabir,Singh,kabir.singh284@gmail.com,8844450192,Female,2004-10-13,India,1,,TRUE
285,Kavya,Saxena,kavya.saxena285@gmail.com,9375731193,Male,2002-01-01,India,0,,FALSE
286,Neha,Kaul,neha.kaul286@gmail.com,8686934739,Female,1995-12-09,India,0,,FALSE
287,Rohan,Malhotra,rohan.malhotra287@gmail.com,8987826465,Female,2004-07-06,India,1,,TRUE
288,Aditi,Dutta,aditi.dutta288@gmail.com,8419134385,Male,2004-05-13,India,1,,TRUE
289,Rahul,Singh,rahul.singh289@gmail.com,7787678868,Female,2004-04-26,India,1,,TRUE
290,Priya,Rangan,priya.rangan290@gmail.com,9943999722,Male,2003-12-08,India,1,,TRUE
291,Shreya,Menon,shreya.menon291@gmail.com,8752673795,Female,1998-07-06,India,0,,FALSE
292,Esha,Shinde,esha.shinde292@gmail.com,9470030471,Female,1998-12-01,India,1,,TRUE
293,Siddharth,Malhotra,siddharth.malhotra293@gmail.com,8400857684,Male,2004-04-19,India,1,,TRUE
294,Arjun,Agarwal,arjun.agarwal294@gmail.com,7661619276,Female,1998-01-31,India,0,,FALSE
295,Shaurya,Nair,shaurya.nair295@gmail.com,8118366288,Female,1995-12-24,India,1,,TRUE
296,Arnav,Joshi,arnav.joshi296@gmail.com,8006500341,Female,2004-07-23,India,1,,TRUE
297,Shreya,Tripathi,shreya.tripathi297@gmail.com,8085973932,Male,1999-11-05,India,0,,FALSE
298,Riya,Shetty,riya.shetty298@gmail.com,9093200967,Female,2003-06-03,India,1,,TRUE
299,Siddharth,Mehra,siddharth.mehra299@gmail.com,7217412571,Male,2004-03-10,India,1,,TRUE
300,Arnav,Mishra,arnav.mishra300@gmail.com,9704930199,Male,1997-04-16,India,1,,TRUE
301,Divya,Saxena,divya.saxena301@gmail.com,8076653057,Female,2004-10-25,India,1,,TRUE
302,Sakshi,Sharma,sakshi.sharma302@gmail.com,9607084193,Female,2001-11-25,India,1,,TRUE
303,Riya,Ranganathan,riya.ranganathan303@gmail.com,8114289129,Female,2004-03-25,India,0,,FALSE
304,Yash,Iyer,yash.iyer304@gmail.com,7273416206,Male,1998-03-01,India,0,,FALSE
305,Kshitij,Ranganathan,kshitij.ranganathan305@gmail.com,7439229066,Male,2001-02-09,India,0,,FALSE
306,Riya,Gupta,riya.gupta306@gmail.com,8576187445,Female,2002-07-26,India,1,,TRUE
307,Shreya,Bhatt,shreya.bhatt307@gmail.com,7915931220,Female,1996-03-13,India,1,,TRUE
308,Arnav,Bhatia,arnav.bhatia308@gmail.com,9437961638,Male,1998-07-03,India,1,,TRUE
309,Sanya,Mukherjee,sanya.mukherjee309@gmail.com,8626521192,Female,1998-07-11,India,1,,TRUE
310,Ayesha,Kohli,ayesha.kohli310@gmail.com,9314429844,Female,2001-07-06,India,1,,TRUE
311,Sanya,Shetty,sanya.shetty311@gmail.com,8610518053,Female,2000-11-20,India,1,,TRUE
312,Avantika,Joshi,avantika.joshi312@gmail.com,8597108759,Male,2003-06-24,India,0,,FALSE
313,Riya,Sood,riya.sood313@gmail.com,7663965705,Female,2000-09-02,India,1,,TRUE
314,Arnav,Saxena,arnav.saxena314@gmail.com,8922844765,Male,2004-11-01,India,1,,TRUE
315,Sakshi,Agarwal,sakshi.agarwal315@gmail.com,7834381480,Male,1997-11-30,India,1,,TRUE
316,Tanvi,Menon,tanvi.menon316@gmail.com,7531586522,Female,1995-05-23,India,1,,TRUE
317,Tanvi,Mehra,tanvi.mehra317@gmail.com,8292857288,Male,1998-01-29,India,0,,FALSE
318,Sakshi,Malhotra,sakshi.malhotra318@gmail.com,8849768023,Female,2003-07-24,India,1,,TRUE
319,Pallavi,Tiwari,pallavi.tiwari319@gmail.com,7598428083,Male,2002-09-07,India,1,,TRUE
320,Vikram,Shinde,vikram.shinde320@gmail.com,8421717441,Female,2005-03-27,India,0,,FALSE
321,Tarun,Sood,tarun.sood321@gmail.com,9508534066,Female,1995-06-02,India,1,,TRUE
322,Arjun,Malhotra,arjun.malhotra322@gmail.com,8902855189,Male,2003-01-06,India,1,,TRUE
323,Aditya,Verma,aditya.verma323@gmail.com,9890944230,Male,1996-07-14,India,1,,TRUE
324,Ritesh,Pandey,ritesh.pandey324@gmail.com,8678271831,Male,2005-12-13,India,0,,FALSE
325,Raghav,Mukherjee,raghav.mukherjee325@gmail.com,8694803525,Male,2001-10-23,India,1,,TRUE
326,Meera,Bhatt,meera.bhatt326@gmail.com,7121245859,Female,2005-02-27,India,0,,FALSE
327,Ishaan,Kohli,ishaan.kohli327@gmail.com,8384886599,Female,1997-02-16,India,1,,TRUE
328,Aditi,Bose,aditi.bose328@gmail.com,9945949031,Male,1995-07-08,India,1,,TRUE
329,Pranav,Verma,pranav.verma329@gmail.com,7061723323,Male,2001-10-27,India,1,,TRUE
330,Amit,Naik,amit.naik330@gmail.com,9502459199,Male,2000-10-27,India,1,,TRUE
331,Aditi,Reddy,aditi.reddy331@gmail.com,7512767303,Female,2003-02-25,India,0,,FALSE
332,Raghav,Pillai,raghav.pillai332@gmail.com,7376320638,Male,1996-12-28,India,1,,TRUE
333,Sneha,Saxena,sneha.saxena333@gmail.com,9522714487,Female,1997-03-14,India,1,,TRUE
334,Tanya,Shinde,tanya.shinde334@gmail.com,9250686031,Male,1998-02-21,India,1,,TRUE
335,Isha,Pandey,isha.pandey335@gmail.com,8067544546,Female,1995-04-11,India,1,,TRUE
336,Siddharth,Joshi,siddharth.joshi336@gmail.com,8769010839,Male,2003-12-21,India,0,,FALSE
337,Ritesh,Rangan,ritesh.rangan337@gmail.com,7540353111,Female,1997-03-11,India,1,,TRUE
338,Manish,Mehra,manish.mehra338@gmail.com,9432897609,Female,1996-06-20,India,1,,TRUE
339,Yash,Sood,yash.sood339@gmail.com,7921080102,Female,1999-04-20,India,1,,TRUE
340,Harsh,Reddy,harsh.reddy340@gmail.com,7080563776,Female,2000-05-02,India,0,,FALSE
341,Kunal,Agarwal,kunal.agarwal341@gmail.com,7490120938,Male,2000-12-23,India,1,,TRUE
342,Aarushi,Rao,aarushi.rao342@gmail.com,8982588885,Male,1998-11-13,India,1,,TRUE
343,Ritesh,Khanna,ritesh.khanna343@gmail.com,9674664059,Male,2003-05-12,India,1,,TRUE
344,Tanvi,Rao,tanvi.rao344@gmail.com,7020147286,Male,1997-10-07,India,1,,TRUE
345,Priya,Joshi,priya.joshi345@gmail.com,7580106376,Male,2005-11-15,India,1,,TRUE
346,Vivek,Naik,vivek.naik346@gmail.com,7248596951,Female,2000-03-12,India,1,,TRUE
347,Devansh,Shukla,devansh.shukla347@gmail.com,7099146453,Male,2002-03-12,India,1,,TRUE
348,Sneha,Shetty,sneha.shetty348@gmail.com,7489649583,Male,2004-05-30,India,1,,TRUE
349,Aarushi,Singh,aarushi.singh349@gmail.com,8093535454,Female,2002-10-05,India,1,,TRUE
350,Simran,Ghosh,simran.ghosh350@gmail.com,9611596805,Female,2003-05-20,India,1,,TRUE
351,Ayesha,Naik,ayesha.naik351@gmail.com,7105087876,Female,1997-11-08,India,1,,TRUE
352,Sanya,Jain,sanya.jain352@gmail.com,9102146025,Male,1998-05-11,India,1,,TRUE
353,Nishant,Chatterjee,nishant.chatterjee353@gmail.com,8553043741,Male,1997-03-13,India,1,,TRUE
354,Tarun,Kaul,tarun.kaul354@gmail.com,9271744295,Male,2002-10-21,India,1,,TRUE
355,Pallavi,Khanna,pallavi.khanna355@gmail.com,7537379675,Female,2005-01-19,India,1,,TRUE
356,Pallavi,Reddy,pallavi.reddy356@gmail.com,8606361720,Male,1996-04-30,India,1,,TRUE
357,Varun,Verma,varun.verma357@gmail.com,9419429782,Male,2004-06-08,India,1,,TRUE
358,Arjun,Kaul,arjun.kaul358@gmail.com,9492510646,Female,2002-06-01,India,1,,TRUE
359,Esha,Joshi,esha.joshi359@gmail.com,8791306796,Male,1997-08-21,India,1,,TRUE
360,Nikita,Kohli,nikita.kohli360@gmail.com,8260908678,Male,1996-05-07,India,0,,FALSE
361,Pallavi,Verma,pallavi.verma361@gmail.com,8327372213,Female,2001-03-16,India,1,,TRUE
362,Kabir,Dutta,kabir.dutta362@gmail.com,8004372254,Male,1995-11-28,India,1,,TRUE
363,Avantika,Chakraborty,avantika.chakraborty363@gmail.com,7092883242,Male,2001-08-18,India,0,,FALSE
364,Aditi,Pandey,aditi.pandey364@gmail.com,9015785428,Female,2001-08-01,India,1,,TRUE
365,Divya,Patel,divya.patel365@gmail.com,7998872624,Female,1995-06-16,India,1,,TRUE
366,Aarushi,Chopra,aarushi.chopra366@gmail.com,8705813160,Female,2004-11-24,India,1,,TRUE
367,Arnav,Tripathi,arnav.tripathi367@gmail.com,7167335702,Male,2000-05-15,India,1,,TRUE
368,Esha,Mukherjee,esha.mukherjee368@gmail.com,8780075384,Male,2000-09-04,India,0,,FALSE
369,Devansh,Vaidya,devansh.vaidya369@gmail.com,9470888008,Female,1997-06-28,India,0,,FALSE
370,Pallavi,Dutta,pallavi.dutta370@gmail.com,9937657241,Male,2003-07-15,India,1,,TRUE
371,Rahul,Naik,rahul.naik371@gmail.com,8094038954,Female,1997-09-09,India,1,,TRUE
372,Tanvi,Sharma,tanvi.sharma372@gmail.com,8066347278,Female,1996-08-22,India,0,,FALSE
373,Varun,Menon,varun.menon373@gmail.com,9583780899,Female,2004-01-23,India,1,,TRUE
374,Harsh,Verma,harsh.verma374@gmail.com,8494910798,Female,1997-10-14,India,1,,TRUE
375,Ishaan,Khanna,ishaan.khanna375@gmail.com,8369376981,Female,2001-10-30,India,1,,TRUE
376,Ishaan,Verma,ishaan.verma376@gmail.com,8883751706,Male,2005-07-26,India,1,,TRUE
377,Devansh,Pandey,devansh.pandey377@gmail.com,9067969930,Female,1998-08-12,India,1,,TRUE
378,Ananya,Tiwari,ananya.tiwari378@gmail.com,9639945675,Female,1997-08-08,India,0,,FALSE
379,Isha,Bhatt,isha.bhatt379@gmail.com,9203763533,Male,1999-10-01,India,0,,FALSE
380,Kshitij,Kumar,kshitij.kumar380@gmail.com,7806458869,Male,2001-08-05,India,1,,TRUE
381,Vikram,Iyer,vikram.iyer381@gmail.com,8416331363,Male,2002-12-24,India,1,,TRUE
382,Raghav,Singh,raghav.singh382@gmail.com,8172743044,Female,2002-12-04,India,1,,TRUE
383,Siddharth,Menon,siddharth.menon383@gmail.com,9035571147,Female,1997-04-11,India,0,,FALSE
384,Yash,Kapoor,yash.kapoor384@gmail.com,7748271721,Male,1998-01-18,India,1,,TRUE
385,Simran,Mehra,simran.mehra385@gmail.com,8910166282,Female,2005-01-16,India,0,,FALSE
386,Ananya,Kohli,ananya.kohli386@gmail.com,7019933767,Male,1999-02-03,India,1,,TRUE
387,Neha,Agarwal,neha.agarwal387@gmail.com,9313971154,Female,2005-08-19,India,1,,TRUE
388,Rahul,Shukla,rahul.shukla388@gmail.com,7143876838,Female,1997-11-15,India,1,,TRUE
389,Tanvi,Khanna,tanvi.khanna389@gmail.com,7561579516,Female,2004-05-28,India,0,,FALSE
390,Manish,Pandey,manish.pandey390@gmail.com,8240892114,Female,1996-07-13,India,1,,TRUE
391,Shreya,Reddy,shreya.reddy391@gmail.com,7966798968,Male,1996-05-07,India,1,,TRUE
392,Vivek,Reddy,vivek.reddy392@gmail.com,8910193818,Female,1998-08-30,India,0,,FALSE
393,Shaurya,Nair,shaurya.nair393@gmail.com,8698285435,Female,2001-05-24,India,1,,TRUE
394,Pooja,Kohli,pooja.kohli394@gmail.com,8762006662,Male,2004-11-25,India,0,,FALSE
395,Sanya,Kohli,sanya.kohli395@gmail.com,9949794142,Female,1999-11-30,India,1,,TRUE
396,Rahul,Chatterjee,rahul.chatterjee396@gmail.com,8216756757,Male,1998-09-29,India,1,,TRUE
397,Kavya,Iyer,kavya.iyer397@gmail.com,7892520861,Male,2005-01-18,India,0,,FALSE
398,Shaurya,Shukla,shaurya.shukla398@gmail.com,8390769707,Male,1998-04-27,India,1,,TRUE
399,Kunal,Rao,kunal.rao399@gmail.com,9488446220,Male,2004-05-05,India,1,,TRUE
400,Riya,Shukla,riya.shukla400@gmail.com,7728447109,Male,2003-01-04,India,1,,TRUE
401,Kabir,Gupta,kabir.gupta401@gmail.com,7084084021,Male,1995-07-14,India,0,,FALSE
402,Meera,Ghosh,meera.ghosh402@gmail.com,9654937556,Female,2003-02-25,India,1,,TRUE
403,Devansh,Dutta,devansh.dutta403@gmail.com,8886513662,Male,1995-01-07,India,0,,FALSE
404,Kunal,Mukherjee,kunal.mukherjee404@gmail.com,9180836004,Male,2001-04-22,India,1,,TRUE
405,Arnav,Shah,arnav.shah405@gmail.com,9771803985,Female,1995-10-31,India,1,,TRUE
406,Aditi,Jain,aditi.jain406@gmail.com,9693926072,Female,1997-08-29,India,1,,TRUE
407,Esha,Mukherjee,esha.mukherjee407@gmail.com,9217800378,Male,1997-12-12,India,0,,FALSE
408,Karan,Shukla,karan.shukla408@gmail.com,8244517008,Female,2001-12-18,India,1,,TRUE
409,Manish,Khanna,manish.khanna409@gmail.com,9657152252,Female,2001-09-12,India,1,,TRUE
410,Kabir,Kohli,kabir.kohli410@gmail.com,7778440015,Male,2004-04-28,India,1,,TRUE
411,Meera,Naik,meera.naik411@gmail.com,8280289450,Female,1997-12-19,India,1,,TRUE
412,Shreya,Reddy,shreya.reddy412@gmail.com,9436718387,Female,2001-11-17,India,1,,TRUE
413,Vivek,Agarwal,vivek.agarwal413@gmail.com,8159590719,Female,2004-11-26,India,0,,FALSE
414,Shaurya,Menon,shaurya.menon414@gmail.com,9269860685,Female,2001-09-05,India,1,,TRUE
415,Aarushi,Sharma,aarushi.sharma415@gmail.com,8142100954,Female,1997-07-26,India,1,,TRUE
416,Nandini,Nair,nandini.nair416@gmail.com,7551342210,Male,2002-07-25,India,0,,FALSE
417,Nishant,Rao,nishant.rao417@gmail.com,9035750016,Female,2002-06-03,India,0,,FALSE
418,Ritesh,Mishra,ritesh.mishra418@gmail.com,9663869670,Male,2000-03-11,India,0,,FALSE
419,Avantika,Agarwal,avantika.agarwal419@gmail.com,8155823791,Female,1998-12-05,India,1,,TRUE
420,Pallavi,Kapoor,pallavi.kapoor420@gmail.com,8397577752,Female,1997-04-01,India,1,,TRUE
421,Neha,Kohli,neha.kohli421@gmail.com,7322148529,Male,2002-07-08,India,1,,TRUE
422,Nishant,Bhatia,nishant.bhatia422@gmail.com,8397478413,Male,2005-07-17,India,1,,TRUE
423,Amit,Mehra,amit.mehra423@gmail.com,9615565929,Female,2005-07-15,India,1,,TRUE
424,Tanvi,Vaidya,tanvi.vaidya424@gmail.com,9788040434,Female,2003-01-19,India,1,,TRUE
425,Sanya,Verma,sanya.verma425@gmail.com,7355848401,Male,2003-12-30,India,1,,TRUE
426,Ritesh,Patel,ritesh.patel426@gmail.com,8347336551,Male,1998-07-22,India,1,,TRUE
427,Esha,Malhotra,esha.malhotra427@gmail.com,9475237034,Female,2001-04-13,India,1,,TRUE
428,Pallavi,Jain,pallavi.jain428@gmail.com,7839302638,Male,1998-10-23,India,0,,FALSE
429,Arnav,Gupta,arnav.gupta429@gmail.com,9694774136,Male,1999-03-11,India,1,,TRUE
430,Karan,Iyer,karan.iyer430@gmail.com,8639207168,Female,2003-04-13,India,1,,TRUE
431,Yash,Nair,yash.nair431@gmail.com,9549998049,Male,2000-09-05,India,1,,TRUE
432,Ananya,Vaidya,ananya.vaidya432@gmail.com,8082677604,Female,2000-12-08,India,1,,TRUE
433,Aarushi,Sharma,aarushi.sharma433@gmail.com,8719249733,Male,1999-08-24,India,1,,TRUE
434,Karan,Mukherjee,karan.mukherjee434@gmail.com,9293288791,Female,1998-05-19,India,1,,TRUE
435,Kabir,Joshi,kabir.joshi435@gmail.com,7880831912,Female,1999-07-15,India,1,,TRUE
436,Yash,Kaul,yash.kaul436@gmail.com,8555790583,Female,1995-04-08,India,1,,TRUE
437,Esha,Singh,esha.singh437@gmail.com,8153593263,Male,2002-06-07,India,1,,TRUE
438,Manish,Chopra,manish.chopra438@gmail.com,8544878441,Male,1996-01-09,India,0,,FALSE
439,Rohan,Chatterjee,rohan.chatterjee439@gmail.com,9502913221,Female,2004-05-05,India,1,,TRUE
440,Sneha,Joshi,sneha.joshi440@gmail.com,8520890254,Female,2001-12-14,India,1,,TRUE
441,Kavya,Chakraborty,kavya.chakraborty441@gmail.com,9227076341,Female,2000-02-22,India,1,,TRUE
442,Arjun,Malhotra,arjun.malhotra442@gmail.com,9729518652,Female,2001-04-10,India,1,,TRUE
443,Harsh,Kumar,harsh.kumar443@gmail.com,8839298275,Female,2004-05-27,India,1,,TRUE
444,Varun,Sood,varun.sood444@gmail.com,7842632557,Male,1996-06-28,India,1,,TRUE
445,Rohan,Dutta,rohan.dutta445@gmail.com,8490555856,Male,2001-11-19,India,1,,TRUE
446,Nikita,Naik,nikita.naik446@gmail.com,9720473184,Male,2003-05-08,India,1,,TRUE
447,Kshitij,Vaidya,kshitij.vaidya447@gmail.com,8547483891,Male,2002-09-03,India,0,,FALSE
448,Anjali,Shinde,anjali.shinde448@gmail.com,9741824170,Male,1999-01-28,India,1,,TRUE
449,Shreya,Ghosh,shreya.ghosh449@gmail.com,9766039728,Female,1998-04-26,India,1,,TRUE
450,Kabir,Vaidya,kabir.vaidya450@gmail.com,7068549016,Female,1997-08-26,India,1,,TRUE
451,Varun,Vaidya,varun.vaidya451@gmail.com,8514962451,Female,1997-02-04,India,1,,TRUE
452,Esha,Shinde,esha.shinde452@gmail.com,8941837057,Male,2005-03-20,India,1,,TRUE
453,Devansh,Kohli,devansh.kohli453@gmail.com,9959075619,Female,2003-01-15,India,0,,FALSE
454,Vivek,Gupta,vivek.gupta454@gmail.com,8886697422,Female,2001-10-29,India,1,,TRUE
455,Aditya,Rangan,aditya.rangan455@gmail.com,9945568303,Male,2002-07-18,India,0,,FALSE
456,Vikram,Agarwal,vikram.agarwal456@gmail.com,9714420227,Female,1998-05-16,India,1,,TRUE
457,Divya,Shukla,divya.shukla457@gmail.com,8168477995,Female,1999-11-10,India,1,,TRUE
458,Aditya,Shinde,aditya.shinde458@gmail.com,8876040039,Female,2005-01-03,India,1,,TRUE
459,Avantika,Pandey,avantika.pandey459@gmail.com,7305891441,Male,2003-01-06,India,0,,FALSE
460,Vivek,Bajaj,vivek.bajaj460@gmail.com,8974748195,Female,1997-08-07,India,1,,TRUE
461,Nishant,Nair,nishant.nair461@gmail.com,9778147244,Female,2001-04-08,India,1,,TRUE
462,Pallavi,Nair,pallavi.nair462@gmail.com,7418905575,Female,2004-08-17,India,1,,TRUE
463,Arjun,Bajaj,arjun.bajaj463@gmail.com,9416096656,Male,1998-08-03,India,0,,FALSE
464,Nandini,Bajaj,nandini.bajaj464@gmail.com,8612913968,Female,2003-07-01,India,1,,TRUE
465,Aditi,Shetty,aditi.shetty465@gmail.com,7733530784,Male,2002-12-23,India,1,,TRUE
466,Yash,Jain,yash.jain466@gmail.com,9335263166,Male,1999-05-25,India,1,,TRUE
467,Kshitij,Kapoor,kshitij.kapoor467@gmail.com,7942735158,Male,2005-09-02,India,1,,TRUE
468,Kunal,Ghosh,kunal.ghosh468@gmail.com,9270534815,Female,2002-07-28,India,1,,TRUE
469,Tarun,Sood,tarun.sood469@gmail.com,7042262027,Female,2003-04-16,India,1,,TRUE
470,Kabir,Agarwal,kabir.agarwal470@gmail.com,9014768973,Male,2003-11-29,India,1,,TRUE
471,Aarushi,Bhagat,aarushi.bhagat471@gmail.com,7268966700,Female,1997-06-01,India,1,,TRUE
472,Karan,Bhagat,karan.bhagat472@gmail.com,9899973975,Male,2001-07-04,India,1,,TRUE
473,Meera,Ghosh,meera.ghosh473@gmail.com,9717384157,Female,2005-07-15,India,1,,TRUE
474,Nikita,Singh,nikita.singh474@gmail.com,7683790181,Male,2005-11-22,India,1,,TRUE
475,Vikram,Vaidya,vikram.vaidya475@gmail.com,9326640759,Male,2002-05-08,India,1,,TRUE
476,Simran,Iyer,simran.iyer476@gmail.com,8884303466,Female,2002-09-02,India,0,,FALSE
477,Kunal,Pillai,kunal.pillai477@gmail.com,9543630045,Female,1998-10-23,India,1,,TRUE
478,Vivek,Chakraborty,vivek.chakraborty478@gmail.com,9401245063,Female,2003-07-28,India,1,,TRUE
479,Manish,Reddy,manish.reddy479@gmail.com,9910594588,Male,1995-10-12,India,1,,TRUE
480,Harsh,Chakraborty,harsh.chakraborty480@gmail.com,8465122197,Male,2001-03-16,India,1,,TRUE
481,Ananya,Chatterjee,ananya.chatterjee481@gmail.com,9979538222,Female,1999-07-15,India,1,,TRUE
482,Pranav,Mishra,pranav.mishra482@gmail.com,8932637071,Male,2005-05-26,India,1,,TRUE
483,Ritesh,Agarwal,ritesh.agarwal483@gmail.com,9962790519,Male,1995-11-25,India,0,,FALSE
484,Harsh,Tripathi,harsh.tripathi484@gmail.com,9786875613,Female,2001-08-10,India,1,,TRUE
485,Kabir,Pillai,kabir.pillai485@gmail.com,7657012457,Female,2003-12-22,India,1,,TRUE
486,Anjali,Patel,anjali.patel486@gmail.com,7841170426,Female,1996-06-19,India,1,,TRUE
487,Ritesh,Shinde,ritesh.shinde487@gmail.com,9429268153,Female,1996-01-06,India,0,,FALSE
488,Raghav,Tripathi,raghav.tripathi488@gmail.com,8690827792,Female,2000-03-20,India,1,,TRUE
489,Siddharth,Reddy,siddharth.reddy489@gmail.com,9799610858,Female,2003-02-26,India,1,,TRUE
490,Sanya,Rangan,sanya.rangan490@gmail.com,7112746297,Female,2000-07-26,India,0,,FALSE
491,Meera,Kaul,meera.kaul491@gmail.com,7866471223,Male,2000-02-08,India,1,,TRUE
492,Anjali,Gupta,anjali.gupta492@gmail.com,9682451916,Male,2004-01-02,India,1,,TRUE
493,Aditi,Khanna,aditi.khanna493@gmail.com,7427846146,Female,1999-04-15,India,1,,TRUE
494,Yash,Gupta,yash.gupta494@gmail.com,7816423157,Male,2003-03-31,India,1,,TRUE
495,Tanya,Bhatt,tanya.bhatt495@gmail.com,8835005763,Female,1995-01-16,India,1,,TRUE
496,Pallavi,Bhagat,pallavi.bhagat496@gmail.com,9768947145,Male,1995-09-22,India,1,,TRUE
497,Raghav,Chatterjee,raghav.chatterjee497@gmail.com,9361555496,Male,2003-07-24,India,1,,TRUE
498,Amit,Malhotra,amit.malhotra498@gmail.com,7897838842,Female,2004-04-27,India,1,,TRUE
499,Vikram,Kaul,vikram.kaul499@gmail.com,8682994624,Male,2004-11-05,India,0,,FALSE
500,Ishaan,Bhatia,ishaan.bhatia500@gmail.com,9814758833,Female,2005-11-25,India,1,,TRUE
,,,,,,,,0,,
,,,,,,,,0,,
,,,,,,,,0,,
,,,,,,,,0,,
,,,,,,,,0,,
,,,,,,,,0,,
